worker_id,efficiency,skill_0,skill_1,skill_2,skill_3,skill_4
0,0.949816047538945,1,1,1,0,1
1,1.1802857225639665,1,1,0,0,0
2,1.092797576724562,0,1,1,0,0
3,1.0394633936788147,1,1,0,1,1
4,0.8624074561769747,1,0,1,0,1
5,0.8623978081344811,1,0,0,1,0
6,0.8232334448672798,0,1,1,0,0
7,1.146470458309974,0,0,1,0,1
8,1.0404460046972834,1,0,1,1,1
9,1.0832290311184183,0,0,0,1,1
10,0.808233797718321,1,1,1,0,1
11,1.1879639408647977,1,1,0,1,1
12,1.1329770563201687,1,0,1,1,1
13,0.8849356442713104,0,1,0,1,0
14,0.8727299868828403,1,1,1,0,1
15,0.8733618039413735,1,0,1,0,1
16,0.9216968971838151,1,1,0,0,0
17,1.0099025726528952,1,0,1,0,0
18,0.9727780074568463,0,0,0,1,1
19,0.9164916560792168,0,0,1,0,1
20,1.0447411578889518,1,1,0,0,0
21,0.8557975442608168,1,1,1,1,0
22,0.9168578594140873,1,1,1,0,1
23,0.9465447373174767,0,0,1,1,0
24,0.9824279936868143,1,1,0,1,1
25,1.1140703845572055,1,0,0,1,0
26,0.8798695128633439,0,1,1,1,1
27,1.0056937753654447,0,1,1,1,1
28,1.036965827544817,1,1,1,1,0
29,0.8185801650879991,1,1,1,0,1
30,1.0430179407605753,1,1,1,0,0
31,0.8682096494749166,0,1,0,1,0
32,0.8260206371941119,0,1,1,0,1
33,1.1795542149013332,1,0,1,1,1
34,1.1862528132298236,1,0,0,1,1
35,1.1233589392465844,1,0,0,1,0
36,0.9218455076693483,0,1,0,1,0
37,0.8390688456025536,1,1,1,1,0
38,1.0736932106048627,1,1,0,1,0
39,0.9760609974958405,1,0,1,0,1
40,0.8488152939379116,1,1,1,0,0
41,0.9980707640445081,0,1,0,1,0
42,0.8137554084460874,0,1,1,0,0
43,1.1637281608315129,1,0,1,1,0
44,0.9035119926400068,1,0,0,0,1
45,1.0650089137415928,1,0,0,1,0
46,0.9246844304357644,0,1,1,1,0
47,1.0080272084711244,0,1,1,0,0
48,1.0186841117373118,0,1,1,1,0
49,0.8739417822102109,1,1,0,0,1
50,1.1878338511058235,1,0,1,1,1
51,1.1100531293444458,1,1,0,0,1
52,1.1757995766256757,1,0,1,0,0
53,1.1579309401710596,1,1,1,1,0
54,1.039159991524434,0,0,1,1,1
55,1.1687496940092468,1,1,1,0,1
56,0.8353970008207678,0,1,1,0,0
57,0.8783931449676581,0,0,1,1,1
58,0.8180909155642153,0,0,0,1,1
59,0.9301321323053058,1,1,0,1,1
60,0.9554709158757928,1,0,0,1,1
61,0.9085396127095584,1,1,0,1,1
62,1.1314950036607718,1,0,1,1,1
63,0.9427013306774357,1,0,0,1,1
64,0.9123738038749524,0,1,1,1,1
65,1.0170784332632994,1,0,0,1,0
66,0.8563696899899051,0,1,1,1,1
67,1.120878792301616,1,0,1,0,0
68,0.8298202574719084,0,0,1,1,0
69,1.1947547746402067,1,1,0,1,1
70,1.108897907718663,1,0,1,0,0
71,0.879486272613669,0,1,1,1,0
72,0.802208846849441,0,0,1,1,0
73,1.1261845713819336,0,0,0,1,1
74,1.082742937539047,1,0,0,0,1
75,1.0916028672163949,1,0,1,1,0
76,1.1085081386743783,0,1,0,1,1
77,0.8296178606936362,0,0,1,1,1
78,0.943386291417709,1,1,1,1,0
79,0.8463476238100519,1,1,0,0,1
80,1.1452413703502373,1,1,0,0,0
81,1.0493192507310232,1,1,1,0,0
82,0.9323592099410597,1,0,1,1,0
83,0.8254233401144095,0,0,1,1,0
84,0.9243929286862649,1,1,1,0,1
85,0.9300733288106988,1,0,1,1,0
86,1.0918424713352257,1,1,0,1,1
87,1.0550229885420852,1,0,1,1,1
88,1.1548850970305307,1,0,1,1,1
89,0.9888859700647797,1,0,0,0,1
90,0.8478376983753207,1,1,1,0,1
91,1.085297914889198,0,1,1,1,1
92,1.1043140194467589,0,1,1,0,0
93,1.0245108790277986,1,1,0,1,1
94,1.1083868719818244,1,1,0,1,1
95,0.9975182385457563,1,0,0,0,1
96,1.0090931317527976,1,1,0,0,0
97,0.9710164073434199,1,1,1,0,0
98,0.8101676506976381,0,1,0,1,1
99,0.8431565707973219,0,1,0,1,1
100,0.8125716742746938,1,1,1,0,1
101,1.0545641645055122,1,1,1,1,0
102,0.9257423924305307,1,0,1,1,1
103,1.003428276465881,1,0,0,1,0
104,1.1630265895704373,0,1,1,1,1
105,0.89971689165955,1,1,0,0,1
106,0.9641531692142519,0,1,0,1,0
107,1.1022204554172195,0,1,1,0,0
108,0.891519266196649,1,0,0,1,0
109,0.8307919639315172,0,1,1,0,1
110,0.9159005811655072,1,1,0,1,0
111,0.8644885149016018,1,1,0,0,1
112,1.1718790609370293,0,0,1,1,0
113,1.1232481518257669,1,0,0,1,0
114,1.0533615026041694,0,1,1,1,1
115,1.148584236075087,1,1,1,1,0
116,1.1214688307596457,0,1,1,0,1
117,0.8746280235544144,0,0,1,1,0
118,1.1570235993959912,1,0,1,1,1
119,1.0157368967662603,1,0,0,1,1
120,1.122976062065625,1,1,0,1,0
121,1.1584365199693973,1,1,1,0,1
122,0.9272013899887456,1,1,1,0,0
123,0.8440207698110708,0,0,1,1,0
124,0.8911740650167767,0,1,0,1,1
125,0.9708431154505025,1,0,0,1,0
126,1.1272059063689972,0,1,1,0,0
127,1.1442922333025374,1,0,1,1,1
128,0.8027808522124763,1,0,1,1,1
129,1.0042989210310262,0,1,1,1,1
130,0.9669644012595116,1,0,1,1,0
131,0.8888431241882921,1,1,1,0,1
132,0.8479461469334731,0,1,1,1,1
133,0.9350460685614512,1,0,1,1,0
134,1.1771638815650076,1,0,1,1,1
135,0.9292811728083021,1,1,1,0,0
136,1.0075162486973464,0,1,0,1,1
137,1.0812075835580712,0,1,1,0,0
138,0.9454518409517176,0,0,1,1,0
139,1.1887128330883843,0,1,1,1,1
140,1.1849789179768444,1,0,1,0,1
141,0.9007129183301457,0,1,0,1,0
142,0.9988994023569542,0,0,1,0,1
143,0.9203513239267078,0,1,0,1,0
144,0.9139361977509871,0,0,1,0,1
145,0.8147547789418131,1,1,1,1,0
146,1.0438257335919587,0,1,0,1,0
147,1.0010716092915446,0,1,1,1,1
148,0.8205915004999957,1,1,0,1,0
149,0.9114585856946446,1,0,1,1,1
150,1.1633063543866615,1,0,1,0,0
151,0.895824756266789,0,1,1,1,0
152,0.8579579488364892,1,0,1,1,0
153,0.9957811041110252,1,1,1,1,0
154,1.1942601816442402,0,0,1,1,1
155,0.8968221086046002,1,1,1,0,1
156,1.0688542189623513,0,1,1,1,0
157,1.104647846131487,1,1,1,1,0
158,0.8950550175969599,1,0,0,1,0
159,1.0912865394447437,0,1,1,1,1
160,0.9471132530877013,1,1,1,1,0
161,1.0529223322374317,0,1,0,1,0
162,1.0534118843043578,0,1,1,1,1
163,1.0143098736299034,1,1,1,1,0
164,0.8361159080217634,1,1,0,0,1
165,1.1341209982356952,1,1,1,1,0
166,0.9283120259886943,0,1,1,1,0
167,0.8746074041599418,0,0,1,1,0
168,0.8163100566219056,1,0,0,1,1
169,1.0363571772752966,0,1,1,0,1
170,1.071025744736913,1,0,0,1,0
171,0.8066351315711425,1,1,1,0,0
172,1.0048372233197125,1,0,1,0,0
173,0.8905983100791752,1,1,1,1,0
174,1.0580691161637799,1,1,1,0,1
175,0.8697465716019966,1,0,0,1,1
176,1.0763750952409863,0,1,1,1,1
177,0.954694138520215,0,0,1,0,1
178,1.1746919954946937,1,1,1,1,0
179,0.8550083776583973,1,0,0,0,1
180,0.9364265404201034,1,1,1,0,1
181,0.8453894084962357,1,1,0,1,0
182,1.169877447311425,1,0,1,1,1
183,1.1509357413523924,1,1,1,1,0
184,0.9031766510860623,1,1,0,1,1
185,1.0639936184136716,1,0,0,0,1
186,1.1268888800804864,0,1,0,0,1
187,1.022080324639785,0,1,1,0,1
188,1.0118602313424025,1,0,0,1,0
189,0.8967409163601807,1,0,1,1,1
190,0.8372411071223598,1,1,1,0,1
191,1.1588863031813306,1,1,0,0,0
192,1.1601672228653321,1,0,1,1,1
193,1.0532405829093072,1,1,0,1,0
194,0.9356119164194803,1,0,1,0,1
195,0.9396838298450644,1,1,0,0,0
196,1.0903822715480957,1,1,0,0,0
197,1.1588441039810309,0,1,1,1,0
198,1.154834569706047,1,0,0,1,1
199,1.1119502183430496,1,0,0,0,1
200,1.056812658461715,1,0,1,0,0
201,0.8336559859980196,0,1,0,0,1
202,0.8646514856378456,1,1,1,0,1
203,1.1594216754108317,1,0,0,1,0
204,1.0425716238638358,0,1,0,0,1
205,0.8036788206466519,1,1,1,0,1
206,0.8405886171464129,0,1,1,0,1
207,1.0654007076432224,0,0,1,0,1
208,0.8020246335384875,0,1,1,1,1
209,0.8643232205669995,0,0,1,0,1
210,1.0194935157466345,1,0,0,0,1
211,1.0767580790770772,1,1,1,1,0
212,1.0607845038010402,1,0,1,1,0
213,0.8897077237842239,1,1,1,1,0
214,1.0848716885390144,0,0,0,1,1
215,0.89489963499872,1,0,0,1,1
216,0.9301598792637071,1,1,1,1,0
217,1.0985965620472096,1,0,1,1,1
218,1.0598531596188858,1,0,0,1,1
219,1.139689364197671,0,0,1,0,1
220,1.0630451569201373,1,1,1,1,0
221,1.0273234413341887,1,1,0,1,1
222,0.837469907131237,0,1,1,1,1
223,0.9470863212237735,0,0,1,1,0
224,0.9060809470726902,1,0,1,1,1
225,0.8975958573516335,1,1,0,0,1
226,1.1892042219009782,0,1,0,1,1
227,0.9572390898667041,0,1,1,1,1
228,1.1568186220708454,1,1,1,1,0
229,1.0524554503989052,1,0,0,1,1
230,1.1179245214166593,1,1,0,1,0
231,1.001054837242077,1,1,0,1,1
232,1.0307615538505437,0,1,1,1,0
233,0.9970070775275456,0,0,0,1,1
234,0.8780971951192178,0,1,0,0,1
235,1.0889808461046022,1,0,1,0,0
236,0.9123089449763423,0,1,1,0,0
237,0.8097263865725816,1,0,1,0,1
238,1.058188918362867,0,0,1,1,0
239,0.8708442717628196,1,0,1,1,1
240,1.1761834337411656,1,0,1,1,1
241,1.1815714308010348,1,1,0,0,0
242,1.1659457560881794,0,1,1,1,1
243,0.9480634801021778,0,0,0,1,1
244,0.806182646611547,0,1,0,0,1
245,1.17132742503509,1,0,1,0,0
246,0.9712736593269258,0,1,1,1,1
247,1.1866619276174677,1,0,1,1,1
248,1.185447990835701,1,0,0,1,0
249,1.141203782186944,0,0,0,1,1
250,0.9177795568278343,1,0,0,1,0
251,0.9540390914407701,0,1,1,0,0
252,1.1404546686067427,0,0,1,1,1
253,0.9267688020625111,0,1,0,1,0
254,0.867797098674437,0,1,1,1,1
255,1.02272050498334,1,1,0,0,0
256,1.1744619096643123,0,1,0,1,1
257,1.0784119186699892,1,1,1,0,1
258,1.028024468035746,0,0,1,1,1
259,0.8388705975083075,0,1,0,0,1
260,1.046002890679668,1,1,1,0,1
261,1.1960215400417051,1,1,0,0,0
262,0.8560336060946097,1,0,1,1,1
263,1.0073318609454947,1,0,1,1,1
264,1.1509492287711822,1,1,1,0,1
265,1.0963074471016818,1,1,1,0,0
266,1.078806296398107,0,1,0,0,1
267,1.0809936335948436,0,1,1,0,1
268,0.9437964604879021,0,0,1,1,1
269,0.9174367377057974,1,0,0,0,1
270,1.1237444621914054,1,0,1,0,0
271,1.1240453578716723,1,1,0,0,0
272,1.1468289274320416,1,0,1,1,1
273,1.1652962210225886,0,0,1,1,1
274,1.0045369595443752,0,1,0,1,1
275,1.0006065178748798,1,0,1,0,1
276,1.1193180715867102,0,1,1,1,0
277,1.059985572311106,1,1,1,0,0
278,1.0807867509030813,1,0,1,1,1
279,1.1183170677744405,0,0,1,0,1
280,1.1560021367270266,1,1,0,1,1
281,0.9351980627406143,1,1,1,1,0
282,0.9502331810559776,0,1,1,1,1
283,0.8375927759363476,0,1,0,1,0
284,1.0313120563984697,0,1,0,0,1
285,0.8143769095186969,1,0,1,0,1
286,0.9862392072529841,1,1,0,1,1
287,1.0170578538830306,1,0,1,1,0
288,0.9146165008513137,1,0,0,1,0
289,1.0363333042276044,0,1,0,0,1
290,0.8122000999756198,1,0,1,0,0
291,0.8149392754996858,0,1,0,0,1
292,1.1290402242638633,1,1,1,0,1
293,0.9440762565645051,0,1,0,1,1
294,0.850824205060754,0,0,0,1,1
295,1.0088973040219218,1,0,1,0,1
296,1.1079974212394443,0,1,1,0,0
297,0.8863284109987373,0,1,1,1,0
298,1.0491561903276,1,0,1,1,0
299,0.8341389859975072,1,0,0,0,1
300,0.8206726884674431,1,1,0,0,0
301,1.0125418526272592,1,1,0,1,0
302,1.0162540486440426,1,1,1,0,1
303,1.0549719605992827,1,0,0,1,0
304,1.0904365334890647,0,1,0,0,1
305,1.1903408317850137,1,1,0,1,1
306,1.0065201393204781,0,1,1,1,1
307,0.9291825891764984,0,0,1,0,1
308,1.1180744779074814,0,1,0,1,0
309,0.9083329005048297,1,0,0,0,1
310,0.9755885682822545,1,1,0,0,0
311,0.8313825525369064,1,1,1,0,0
312,0.8101402973661831,0,1,1,0,1
313,1.1850593658711701,1,1,0,1,0
314,1.1343920482048824,0,1,0,0,1
315,1.0783896824374792,1,1,1,0,0
316,0.963581177765708,0,1,1,0,0
317,0.8693177280283384,1,0,1,0,0
318,0.8625748170684344,0,0,1,1,1
319,0.9000971592658381,0,0,1,0,1
320,1.0196906658824483,1,1,0,0,1
321,1.0858383690800248,1,1,1,0,0
322,1.0640789506870925,1,0,1,1,0
323,0.9119735587783772,1,0,1,1,0
324,1.1819461122652775,0,1,1,0,1
325,1.0951587666783074,1,1,0,1,1
326,1.0217416210045602,1,1,1,0,1
327,1.044688298493741,1,1,1,1,0
328,0.967840024971116,0,1,1,1,1
329,0.899092395800463,1,1,0,1,1
330,0.9423890714605047,1,0,0,1,1
331,1.1031384441857477,0,1,0,1,0
332,0.8057573954519024,0,0,1,1,0
333,0.8464290562027665,0,1,1,1,0
334,0.8184010568087011,0,1,0,0,1
335,0.816291520927588,1,1,0,0,0
336,1.1421842336044028,0,1,1,1,1
337,1.0814631437520095,0,1,1,1,1
338,0.9896695316349301,1,1,0,1,1
339,0.8391336642604006,0,0,0,1,1
340,0.996646350046733,1,1,0,1,1
341,0.9893887083122263,0,1,1,0,1
342,0.8692807479640061,1,0,1,0,0
343,0.9735406596951892,1,0,0,1,0
344,0.9594018937589494,0,1,1,1,1
345,1.0463400392208866,1,1,0,1,0
346,1.0540374603470575,1,1,1,0,1
347,0.8181216039088178,1,1,1,0,1
348,0.9498450458505885,0,0,1,1,0
349,1.0503439662856946,0,1,0,0,1
350,1.001254503432035,1,1,0,1,1
351,1.1425959364753289,1,1,0,0,0
352,1.0634774526475779,0,0,1,0,1
353,0.865173770832572,0,0,0,1,1
354,0.828227498960172,0,1,1,1,1
355,1.0569677112825262,1,0,0,0,1
356,0.8106045242166487,0,1,1,1,1
357,1.0343102325093854,0,0,1,1,0
358,1.176092096569983,0,1,0,1,1
359,1.0301896711503515,1,0,0,0,1
360,0.9552679704826088,1,1,1,1,0
361,1.0573152873769414,1,1,0,0,0
362,0.9833011561966066,1,0,1,1,1
363,1.018246715726374,1,0,1,1,1
364,1.17658592351061,0,1,0,0,1
365,0.9544410551203097,1,1,1,1,0
366,1.1844762255295658,0,1,0,0,1
367,1.1621402567824255,0,1,1,1,0
368,0.8783164539157187,1,1,1,1,0
369,0.8277445203500662,0,1,1,1,1
370,0.8403112005509707,1,0,1,1,1
371,0.80728873026062,1,1,0,1,1
372,0.8377771843023714,0,1,1,1,0
373,1.0732027093665426,1,0,0,1,1
374,0.8284754593840916,1,0,0,0,1
375,0.9275902521175046,1,1,0,1,1
376,1.1379501243877819,1,1,1,0,1
377,0.8093087742943303,1,0,1,1,0
378,1.1257873930355742,0,0,0,1,1
379,0.91274190990936,0,1,0,1,1
380,0.8472659310486625,1,0,1,0,1
381,1.0786948661456601,1,1,0,0,0
382,1.0515771387119535,0,1,1,1,1
383,1.150988805410821,1,1,1,1,0
384,1.0940284175215542,1,1,0,0,1
385,1.1213923721539394,1,0,0,1,1
386,0.9128138290285226,1,1,1,0,0
387,0.8709758175118891,0,0,1,1,0
388,1.1002459006563434,0,1,0,1,0
389,1.1227338957069055,0,0,1,1,1
390,1.1962020568002694,1,1,0,1,1
391,0.9650470707645706,1,1,1,1,0
392,0.9488072343171132,0,0,1,1,0
393,1.1105651842967987,1,0,0,1,0
394,0.9363214161012071,1,0,1,1,1
395,1.1723029302414258,1,0,1,0,0
396,1.1433651007372048,1,1,0,1,1
397,0.9715976109500073,0,1,1,1,0
398,1.1003484271165989,0,1,0,1,0
399,1.101817149633873,0,1,0,1,1
400,0.8412495475343731,1,0,0,1,0
401,1.1610211626718265,0,1,0,1,0
402,1.0021009489791428,1,0,1,0,1
403,1.1305829864430965,1,1,0,1,0
404,0.9280198404122447,0,0,1,0,1
405,1.1582092913984803,1,1,0,0,1
406,0.9556806714936652,1,1,0,1,1
407,0.8043350605921193,0,1,1,1,1
408,1.1621527905677054,1,0,1,1,0
409,0.8365146707144535,1,0,1,1,1
410,0.927725455036166,1,1,1,1,0
411,1.180024786820322,1,1,0,1,1
412,1.1802428587750224,0,0,1,0,1
413,1.0293751552493144,1,1,0,1,1
414,1.0527348848679197,1,0,1,1,1
415,0.9793782087913279,1,1,0,1,0
416,0.9172843086792258,1,1,0,1,1
417,0.9314658181479664,0,0,1,1,0
418,1.0690073824308153,0,0,0,1,1
419,1.100949811775072,1,0,1,0,1
420,1.1166316174903395,1,0,1,0,0
421,1.1158472571178215,0,1,0,1,0
422,0.8364824412194762,0,1,1,1,1
423,0.9977681218810326,1,1,1,1,0
424,0.8230235040066578,0,1,0,0,1
425,1.0198115529294942,1,0,1,1,0
426,0.9766122005493508,0,1,1,1,0
427,1.1550816731033198,1,0,1,1,1
428,0.9403660050208315,1,0,0,1,0
429,0.8468268065710424,1,1,1,0,1
430,0.8571966728211344,1,1,0,1,0
431,1.1046042526869888,0,1,1,0,0
432,1.0472872253265044,1,1,1,0,1
433,0.8404490704491161,1,0,1,1,1
434,0.833642722445999,1,0,1,0,1
435,1.080387652583648,1,1,0,1,1
436,0.8291052025456774,1,1,1,0,0
437,1.1287440237161426,1,1,1,0,0
438,1.0824968908625985,0,1,0,1,0
439,0.8325395122567599,1,0,0,0,1
440,0.8339350856340768,1,1,1,0,1
441,1.1946558314004703,0,1,1,1,0
442,0.9497083183024482,1,1,1,0,0
443,0.9482568588267564,0,1,0,1,0
444,1.125119826903001,0,0,1,0,1
445,1.1788994309535434,1,1,0,1,0
446,1.1944004255291483,0,1,0,0,1
447,1.1013512741035767,1,1,1,1,0
448,0.9505038342123663,0,1,1,1,0
449,0.8334002866794675,1,0,0,0,1
450,1.1108587663709746,1,1,0,1,1
451,1.023361699894322,0,1,1,1,0
452,0.9696888036987905,0,1,1,1,1
453,1.1625417540378944,1,0,1,1,1
454,0.8444789929224605,0,0,1,1,1
455,0.9970500417163437,1,1,1,0,1
456,0.8045414579069676,1,1,0,0,0
457,0.9874642567976505,0,1,1,0,0
458,0.822521310272735,0,0,1,1,0
459,0.8475271665072288,1,0,1,1,1
460,0.847010498710842,1,0,0,1,0
461,1.0596841208464254,0,1,1,1,1
462,1.0984179517061694,0,1,1,0,0
463,1.033347506038864,0,1,0,1,1
464,1.1848690193898168,1,0,1,1,1
465,0.9499482318094816,1,1,0,1,1
466,0.9142848345127443,0,1,1,0,0
467,1.147439651275784,0,1,1,1,0
468,0.889438335407781,0,0,1,1,0
469,1.1852890157762443,0,1,0,0,1
470,0.8048617898759266,1,0,1,1,0
471,1.1879515306830557,0,1,1,1,0
472,0.8172639647802304,0,0,1,0,1
473,1.1564572454792283,1,0,1,1,0
474,1.01108044363452,0,0,1,0,1
475,1.19718591844772,1,1,1,0,1
476,0.8295186258941596,1,1,0,0,0
477,1.0215417137605283,1,1,1,1,0
478,1.1877210142476395,0,0,0,1,1
479,1.0092391376680596,0,1,0,1,1
480,1.051759455254105,1,1,1,1,0
481,1.0782994755938469,0,1,1,1,0
482,0.9818164259071093,0,1,1,1,1
483,1.0510232320336255,0,1,1,1,1
484,1.0337257247692402,1,0,0,0,1
485,1.1604632041963956,1,0,0,1,0
486,0.8181785521365832,0,1,0,1,0
487,0.9123852758368921,1,0,1,0,0
488,1.1801645936306233,1,1,0,1,0
489,1.1561055135563665,0,1,0,0,1
490,0.9822627011142852,1,0,0,0,1
491,1.0480530391206146,1,1,0,1,1
492,0.9109524731924531,1,0,1,1,0
493,0.8752484638895046,0,1,0,1,1
494,0.9854793619759928,1,1,1,0,1
495,0.9413408912104211,1,1,0,1,1
496,1.0334624447403489,0,1,0,0,1
497,0.831093854785994,1,0,1,1,0
498,1.1897579230664665,0,0,1,1,0
499,1.194484297791841,1,1,0,1,1
500,1.079264685607898,1,0,0,1,0
501,1.0144385465376482,1,1,1,0,0
502,0.923811046514531,0,0,1,1,0
503,1.1255180078827793,0,1,0,1,1
504,1.0738924690215517,0,0,1,0,1
505,0.8650467757379565,1,0,0,0,1
506,1.164370873797537,1,1,0,1,0
507,1.1290148971692675,0,1,1,1,0
508,1.1799199653167696,1,0,0,1,1
509,1.090287803355344,0,0,1,0,1
510,1.045366078374316,1,1,0,0,0
511,0.9672972145162475,0,1,0,0,1
512,1.1730913933416054,0,1,1,1,1
513,1.1464255558001633,0,0,1,1,0
514,0.8180874680424758,0,1,0,1,1
515,0.8105467897989008,1,0,1,0,1
516,0.9505853467512199,0,1,1,1,0
517,1.1242213323127332,0,0,1,0,1
518,1.1949104517259777,1,0,1,1,0
519,0.8601667564414113,1,1,0,0,1
520,1.0376522861408541,1,1,0,1,1
521,0.9523563426524086,0,1,1,1,1
522,1.1879657591258412,0,1,1,1,0
523,1.1368475692542834,1,0,1,1,1
524,1.135331481884455,1,1,0,1,1
525,0.9874772639179881,1,1,1,0,0
526,0.965927800935066,0,1,0,0,1
527,0.9093628287722825,0,1,1,0,0
528,0.8225501986603709,0,1,0,1,1
529,1.1458889505020213,0,0,0,1,1
530,1.125160403652031,1,0,1,1,1
531,1.1998870693144523,1,1,1,0,0
532,1.198654734829562,0,1,1,0,0
533,1.022172682241051,1,0,0,1,0
534,1.1075949660722042,1,1,1,0,1
535,1.1779062919529713,1,0,1,0,1
536,1.1398589562709645,1,1,1,0,0
537,0.898939240697279,1,1,1,1,0
538,0.9802176541240374,0,1,0,1,1
539,0.851663766060598,0,0,1,1,1
540,1.181620410903489,1,1,1,0,1
541,1.042469853780352,0,1,1,1,1
542,0.8914571222013851,1,0,1,0,0
543,1.0686802737623426,1,0,1,1,0
544,1.0472512961831584,1,1,1,0,1
545,0.9432650872131362,1,0,0,1,0
546,0.8454230368798517,0,1,1,1,0
547,1.0686292782371198,0,1,1,0,0
548,1.0081230803615173,1,1,0,1,1
549,1.1089273566942557,0,1,0,1,1
550,1.0080654004447973,1,0,1,0,0
551,1.140872600127416,1,1,1,1,0
552,1.0207627355097941,1,0,1,1,1
553,1.0243751886141546,0,1,1,1,1
554,1.150661441063338,1,0,1,1,1
555,0.9613931464849588,1,1,0,1,1
556,0.8536060913802563,1,1,1,1,0
557,0.8115130705253356,1,1,1,1,0
558,1.1020549022694475,0,0,0,1,1
559,1.0481238205413859,0,1,0,1,1
560,1.0816319072396894,1,1,0,0,1
561,0.8851856646035643,1,1,0,0,0
562,0.854548590234708,1,0,1,1,1
563,0.8058178662671528,1,1,0,1,0
564,0.9402350235226388,1,1,1,0,1
565,1.0359670747418532,1,1,0,0,1
566,0.9568976180398929,1,1,0,1,1
567,0.9749899688094916,1,0,1,0,0
568,1.1616634777974992,0,1,1,1,1
569,0.9393021868093201,1,1,0,0,1
570,1.0055957956639243,1,0,1,1,1
571,1.1134612050964572,0,1,1,0,1
572,0.958617112928508,1,0,1,1,1
573,1.0488346800911494,0,1,0,1,1
574,1.144945483498698,1,1,0,0,1
575,1.1798082494630568,1,0,0,1,1
576,0.8588293923716153,0,1,1,1,1
577,1.1706350500645977,1,1,1,0,0
578,0.9968465172318153,1,1,0,1,1
579,0.9032977553195833,0,0,0,1,1
580,0.9836543024953045,1,0,0,0,1
581,1.192013030114191,0,1,1,1,0
582,0.9970472375971479,0,1,1,1,1
583,0.9315006441150033,0,1,0,1,1
584,1.0533603417266904,0,1,1,1,1
585,0.8960582475112773,1,1,0,1,1
586,0.8303453312434657,0,1,1,0,0
587,0.8515518887642597,1,1,1,0,1
588,0.851218335583109,1,0,1,1,1
589,0.8607610774049178,1,0,0,1,1
590,0.855530869059764,1,0,1,1,0
591,1.0563498979212858,0,1,1,1,1
592,0.8727520337596579,0,0,1,1,0
593,0.9382669133295453,1,0,1,1,0
594,1.1587153639624046,1,0,0,1,1
595,0.9895846561051489,1,0,0,0,1
596,1.0670230954084108,0,1,1,1,0
597,0.868927948480652,1,0,1,1,1
598,0.8769156075234683,1,0,1,1,1
599,0.8163474465065916,1,1,1,0,1
600,0.8675740252288658,1,0,0,1,1
601,0.9114361356127835,1,1,0,1,0
602,0.8708041937106987,1,0,1,0,1
603,0.8354810135028223,1,0,0,1,1
604,0.8482543484402404,1,0,1,1,1
605,0.9843115072130904,1,0,0,0,1
606,0.8825334873623171,1,1,0,1,1
607,0.9457079444192302,1,1,1,0,0
608,1.0013669083419428,1,0,1,1,1
609,1.0761579314517462,0,0,1,0,1
610,0.8157248559364396,1,1,0,1,1
611,1.119764159563617,0,1,0,0,1
612,1.051160155796363,1,0,1,0,1
613,0.8327036127795489,1,1,1,1,0
614,1.149431449642711,1,1,1,0,1
615,1.1683489602127253,1,1,1,0,1
616,0.8244311839419456,1,1,0,1,1
617,0.9107510592588816,0,0,1,1,1
618,1.1224805119172245,0,0,0,1,1
619,1.0993038761534633,0,0,0,1,1
620,0.873808407742551,1,1,1,1,0
621,0.8837397293346841,0,1,1,0,1
622,0.9481888411165528,0,1,1,0,0
623,0.9938091940764086,0,0,1,1,0
624,1.0473019086121185,0,0,0,1,1
625,0.947565455827909,1,0,0,0,1
626,0.9850138864532592,0,1,1,0,0
627,1.0989883752535026,0,1,1,0,0
628,0.8146732811562392,1,0,1,1,0
629,0.9009747777376084,0,1,1,1,1
630,1.085339834353821,1,0,0,1,0
631,1.1580827350748797,1,1,0,1,0
632,1.0046709768462665,0,0,1,1,1
633,1.0128453941061262,0,1,1,1,1
634,0.8428688045359105,1,0,1,1,1
635,0.9789649467293818,1,1,0,0,0
636,1.0130469065820094,1,1,1,1,0
637,0.8969882014538919,1,1,1,0,1
638,0.9076972923797524,1,1,0,1,0
639,0.9509136652418491,1,0,0,1,1
640,0.8080284791110905,1,1,1,0,0
641,0.9288316662332713,0,1,1,0,0
642,0.8845792027986179,0,0,1,1,0
643,0.9309989408711659,1,1,1,1,0
644,0.8479048527277006,1,0,1,1,1
645,1.156210912295958,1,0,1,0,0
646,1.0374369814216196,0,1,0,1,0
647,1.0716409276577958,0,1,1,1,0
648,1.1156684954429352,0,0,1,1,0
649,0.9993768795716229,0,0,0,1,1
650,0.8347681152349695,1,1,1,1,0
651,1.0148426167274192,1,1,1,1,0
652,1.0347364472083516,1,1,1,0,0
653,1.098175789673732,0,1,0,1,0
654,0.9726638184918718,1,1,0,1,1
655,0.8510321211182256,1,0,1,0,0
656,0.9135103623194898,1,1,0,0,0
657,0.945232918559454,0,1,1,1,0
658,1.0583668965326405,0,0,1,1,0
659,1.0283113218675648,0,1,0,1,1
660,0.9424386903591385,1,1,1,0,1
661,1.1946060995171919,1,1,0,1,1
662,1.0423099277427548,1,1,1,1,0
663,0.8948907166943978,1,0,1,1,1
664,0.8407129890481615,0,1,0,1,1
665,0.8611436556737329,1,1,0,0,1
666,0.8983830913538032,1,1,1,1,0
667,0.8642725493038224,1,1,1,1,0
668,0.8746268096205223,1,1,1,1,0
669,0.9140380674775389,1,1,0,0,1
670,0.869349438117902,1,1,1,1,0
671,1.15870616985057,1,1,0,1,0
672,0.832093498264657,0,0,1,1,0
673,1.009804555828102,1,1,0,1,1
674,0.9641587307958646,0,1,1,0,1
675,1.1929514467634426,1,0,1,0,1
676,0.844815560867221,0,1,0,1,1
677,0.9591422396182967,1,0,1,0,0
678,1.1877881733101474,1,1,0,1,1
679,1.146202850357592,1,1,0,0,1
680,1.1268288283797119,1,0,1,1,1
681,0.903161130817976,0,1,1,1,0
682,0.8683550349560264,1,0,1,1,1
683,1.0674572879697724,0,0,0,1,1
684,1.1717503956510342,0,1,1,0,1
685,1.0227051572055719,1,1,0,1,0
686,1.02864507578796,1,1,0,0,0
687,0.9119916374641137,1,1,1,1,0
688,1.1077971732767748,1,0,0,1,1
689,0.8748174994230093,0,1,0,0,1
690,0.9294716945616974,1,1,0,1,0
691,0.9701745754465667,1,1,0,0,1
692,1.003044151473782,0,1,1,1,0
693,0.8969638929660321,1,1,1,1,0
694,0.8459347298956814,0,1,0,0,1
695,1.044248016976653,1,0,0,1,0
696,0.9154522212961024,1,1,0,0,0
697,1.0324952885690448,0,0,1,0,1
698,0.8617450861096809,1,0,0,1,1
699,0.992456040741927,0,1,1,1,1
700,1.0130357730206343,1,0,1,0,0
701,0.8207294147289708,0,1,1,1,1
702,0.9346417112775682,0,0,1,1,0
703,0.8537658707755897,0,1,0,1,0
704,0.8253499881891071,0,0,1,1,1
705,1.1959840929559782,1,0,1,1,0
706,0.9289415379898892,1,1,1,0,0
707,1.123949778341854,1,1,1,0,1
708,0.9018562619055056,0,0,1,1,1
709,1.0726010888895716,1,0,0,1,1
710,1.1040911439558747,1,0,1,0,0
711,1.0382554962431376,0,1,0,1,0
712,0.9886304754200633,1,0,1,1,0
713,0.9647363656589074,0,1,1,1,0
714,0.9395473066171981,0,1,1,1,1
715,1.1718116576991302,1,0,1,1,1
716,1.1322477631150916,0,1,0,0,1
717,1.1860107642666051,1,1,1,0,1
718,0.8497188893942179,1,1,0,1,0
719,1.0923469900814577,1,0,1,0,1
720,1.1753361827284152,1,0,0,1,0
721,0.8724932264662641,1,1,0,0,1
722,0.826598506946711,1,0,1,0,1
723,1.0964482597160237,0,1,0,1,1
724,1.0297892452719648,1,0,1,0,1
725,1.1367315107033087,1,1,0,1,1
726,0.8559089506505159,1,1,1,1,0
727,1.1181069247439561,1,0,1,1,1
728,0.8806509280190978,1,0,1,1,1
729,0.8654623771462818,1,1,1,0,1
730,0.8657063191723973,1,0,0,0,1
731,1.1258298880925528,1,1,1,0,0
732,1.06607888827848,0,1,1,0,0
733,1.0092261699076477,1,0,1,1,0
734,0.943532193649401,0,0,1,1,1
735,1.1508802163252434,1,0,1,1,0
736,0.9569780429690542,0,1,0,1,0
737,1.1266397757886308,0,1,1,1,0
738,0.9756539634280874,0,1,0,1,1
739,0.950777771769963,0,1,1,1,1
740,0.9850719142678426,1,1,0,1,1
741,0.9205511496656569,1,1,0,0,1
742,1.0990437520705005,0,1,1,1,1
743,1.0010881560369917,0,1,0,1,0
744,0.892885078058727,0,1,0,1,1
745,1.1598298293098273,1,0,0,0,1
746,0.9535564885492845,1,1,1,0,1
747,1.0174211444455954,1,0,1,1,1
748,1.1625888443858188,0,1,0,1,0
749,1.0496951983655969,0,1,1,0,1
750,0.8467592162833457,1,1,1,1,0
751,1.17593284944539,0,1,1,1,1
752,1.0510832212285672,0,1,1,1,1
753,0.9339622458628345,0,0,1,1,0
754,0.855708829065355,0,1,0,0,1
755,1.1176100757081184,1,1,1,1,0
756,1.0480291023714055,1,1,0,0,1
757,1.0133844367905287,0,0,1,0,1
758,1.157557033220383,0,1,1,1,0
759,1.1154388844898122,0,1,0,0,1
760,0.8606699518931005,1,0,0,0,1
761,0.9246888271182193,1,1,1,0,0
762,0.8993956559257863,1,0,1,1,0
763,1.0975785170290708,0,1,0,1,1
764,0.8134129738943118,1,0,0,0,1
765,1.0279558739485266,1,1,0,0,1
766,1.1049834742962763,0,1,1,1,0
767,1.1507062547046998,1,0,1,0,1
768,0.9368326994863629,0,0,1,1,1
769,1.1285029218688052,0,1,1,0,1
770,0.844252694782083,1,1,0,1,0
771,1.1385809166938072,1,1,1,0,0
772,0.850995464932793,0,0,1,0,1
773,0.9589149162241469,0,1,1,1,0
774,1.1189181463118214,0,0,0,1,1
775,0.8599669709395096,1,1,1,1,0
776,0.8917005580930566,1,1,1,1,0
777,1.0889010273572266,0,0,1,1,0
778,1.0880146146184297,0,0,1,1,1
779,1.056459053154119,1,0,0,0,1
780,1.07757937778684,1,1,1,1,0
781,1.0170897773390384,0,1,1,0,0
782,0.9007196235627811,0,1,1,1,1
783,0.9382783974015678,1,0,0,1,0
784,0.8726390867205703,0,0,1,0,1
785,1.1633802245334512,1,0,1,0,0
786,1.0333567179064482,0,1,1,0,0
787,0.960340566705456,0,1,1,0,0
788,0.9848023214576531,0,1,1,1,1
789,1.1789133358447261,1,0,0,0,1
790,0.8613405612464321,1,0,1,0,0
791,1.0344919328067188,0,1,0,0,1
792,1.0023554715537863,0,1,1,0,1
793,1.044581694173859,1,1,1,1,0
794,0.8072440735283363,0,0,1,0,1
795,1.1488495635776605,1,0,1,1,1
796,1.172847312993445,0,1,0,0,1
797,1.0260532734356835,0,1,1,1,0
798,1.0786603295507569,1,0,1,1,1
799,1.1689997524709184,0,1,0,1,1
800,1.0828954537253594,1,0,1,0,1
801,0.8610156171657046,1,1,0,0,0
802,1.0305153440667252,1,1,1,1,0
803,1.0426860185531424,1,1,0,1,1
804,0.9696522685209544,1,1,0,1,1
805,1.094577694249889,1,1,1,1,0
806,1.173746805907606,0,1,0,1,0
807,1.1702274051627106,0,1,1,0,0
808,0.9803357485616528,1,0,0,1,1
809,0.8452952183363022,0,0,0,1,1
810,1.1939364795849339,1,1,1,0,1
811,1.1355592345783736,1,1,0,0,0
812,0.8498650724813068,1,0,1,0,1
813,1.1683367530469488,0,1,1,1,1
814,1.1479585448248513,1,1,0,1,1
815,1.0075352228504288,1,0,0,1,1
816,1.0365101742979717,1,1,0,0,1
817,0.9596010815480521,1,0,1,1,1
818,0.8219046555288125,0,0,0,1,1
819,0.9340788966583604,0,1,0,0,1
820,1.1211413794392047,1,1,1,0,1
821,0.8018528092018412,1,1,0,1,1
822,0.9333996686764576,1,0,1,1,1
823,0.9592674774363773,0,1,0,1,0
824,1.0149582411751692,0,0,1,0,1
825,1.1679422465651041,1,1,1,1,0
826,0.9385383977463845,1,1,0,0,1
827,0.9387812807584911,1,1,1,0,1
828,1.0950004992438993,0,1,1,1,1
829,0.9808871763559228,1,0,0,0,1
830,0.8898419291759928,1,1,1,1,0
831,0.9809758064530774,1,1,0,0,0
832,0.85634280815192,1,1,1,0,0
833,0.8705547946024894,1,1,0,1,1
834,0.9993471090957919,1,0,0,1,1
835,0.9675701798018191,1,0,1,1,1
836,1.16593836042724,0,1,1,1,0
837,0.9449575596466533,1,0,1,0,0
838,1.0322353401112174,1,1,1,1,0
839,1.052905715167812,1,1,1,0,1
840,0.8052377826353335,1,0,1,1,0
841,1.0654149488066842,0,1,1,0,0
842,0.8712143867479006,1,0,1,1,0
843,1.184428126987782,1,1,0,1,0
844,0.8594650911012452,1,0,0,0,1
845,0.9658496494908095,1,0,1,0,1
846,0.8341398672314576,0,1,0,1,1
847,1.198749700738379,1,0,1,1,1
848,1.000878004132497,0,1,0,1,1
849,1.0381540069280175,1,0,1,1,1
850,0.826830590955371,1,0,1,0,0
851,1.099984188159671,0,1,1,0,1
852,0.8839622372382343,1,0,1,0,0
853,1.1592217157762854,1,0,1,1,1
854,0.8820558561928029,1,1,0,1,1
855,0.8762750882654666,1,1,0,1,1
856,0.814619867139238,0,1,1,0,1
857,0.9888267780439997,1,0,1,1,1
858,1.0259364533050466,1,0,1,1,1
859,0.826283455771341,0,0,1,1,1
860,1.1102110466780042,1,1,0,0,1
861,0.981315533899211,0,1,0,1,1
862,1.009756107731032,0,1,1,1,1
863,0.9763050987752913,1,1,0,1,1
864,0.9603052243501304,0,1,1,0,1
865,1.023856132523287,1,1,0,1,0
866,0.8620960983722851,0,1,1,0,0
867,0.8727712521981085,0,0,1,1,0
868,1.144714248405407,0,0,1,1,1
869,1.178446184853453,1,1,0,0,1
870,0.9493237265119012,1,1,0,0,0
871,0.9082978692574215,0,1,1,1,0
872,1.0575998172956063,1,0,1,1,1
873,0.9634936684392386,1,0,1,1,1
874,0.810154542264138,0,1,1,1,1
875,0.8624610389464762,1,1,1,0,0
876,1.086388891538959,1,1,1,0,0
877,1.0635695767640605,0,1,1,0,0
878,0.8108383970013935,1,0,0,1,1
879,0.8887888647731798,1,1,0,0,1
880,0.8924299186352286,1,0,0,0,1
881,1.0687570974394913,1,1,0,1,0
882,0.8078842151017457,0,0,1,1,0
883,0.8416434327938296,0,1,0,1,1
884,1.1199664341492757,0,1,1,0,1
885,0.8714178648217334,1,0,0,1,1
886,1.0610984431407497,1,1,1,0,0
887,0.8952731124186907,1,0,1,1,1
888,0.8397765571037381,0,1,1,1,1
889,0.8972688763997817,0,0,1,1,1
890,1.0889067727422637,1,1,1,0,1
891,1.1422785872425143,0,1,0,1,0
892,1.1320879458267967,1,1,1,1,0
893,0.958873411847382,0,0,1,1,0
894,1.0672340546282584,1,0,0,0,1
895,0.8819937181663284,1,0,0,1,0
896,0.9172590921044054,1,1,1,0,1
897,1.1585343274084479,1,0,1,0,1
898,0.8052007694042944,1,0,0,1,1
899,0.8342034123417873,1,1,0,1,1
900,0.883154502058411,1,0,0,0,1
901,0.8106128815495279,0,1,1,1,1
902,0.872574174035919,1,0,1,0,1
903,1.0332166243878769,1,1,1,1,0
904,0.9685698202369992,1,1,0,1,1
905,1.15706868443079,1,0,1,0,1
906,1.1269774246953763,1,1,1,0,0
907,0.9367269406791504,0,1,1,0,0
908,0.9037693733725171,0,1,0,1,0
909,0.9518769632669067,1,1,0,0,1
910,1.036117977005923,1,0,0,0,1
911,0.9072254563291505,0,1,1,1,0
912,1.0496595631396537,1,0,1,1,1
913,0.9637646608764961,1,0,0,1,0
914,1.020818872340792,0,0,1,1,1
915,0.9744506116541267,1,1,1,0,1
916,0.9177863038167671,1,1,0,1,1
917,1.1793813227848626,0,0,1,1,1
918,1.1054423176639043,1,0,1,1,0
919,0.8560452703065811,1,1,1,0,1
920,1.147387190359165,1,1,0,1,1
921,0.9949724792998055,1,1,1,0,0
922,1.1578208907576366,1,0,1,1,0
923,1.119942102378926,1,1,1,1,0
924,0.9700854017876934,1,1,0,1,1
925,0.808987723328047,1,0,1,1,0
926,0.9074709437539784,0,1,1,0,1
927,1.0166536858643467,0,1,1,1,1
928,1.053391287930459,0,1,1,1,0
929,0.9031550741732809,0,1,0,1,1
930,0.8557424296291297,1,1,1,0,0
931,1.1339720947197196,1,1,0,1,0
932,1.1937608722814208,0,0,1,1,0
933,1.0102760729210742,0,0,0,1,1
934,0.8686717143393214,1,1,1,0,1
935,0.9089229306077476,1,0,1,0,0
936,0.8073562706189867,1,1,0,1,0
937,1.1657195226241996,0,1,1,0,0
938,0.8471004331560565,1,0,1,1,1
939,1.0306065902057013,0,1,1,1,1
940,0.9096220882748824,1,1,0,1,1
941,1.0216712010063174,1,1,0,0,0
942,1.0605681553407456,0,1,1,0,0
943,1.1318967214828806,0,0,1,1,0
944,0.8825685087042413,1,1,0,1,1
945,0.8043983314633922,1,1,0,1,0
946,0.854754252027523,1,1,0,0,1
947,1.160007456739242,1,1,1,0,1
948,1.1495560310250061,0,1,1,1,1
949,1.0389652408681234,1,0,1,1,1
950,1.0402067441734613,1,0,1,1,1
951,1.0660146698185022,0,1,1,0,1
952,0.8701485114493799,0,0,1,0,1
953,1.1657647783699838,1,0,0,1,0
954,0.9675082099568293,1,0,1,0,1
955,0.953255411299799,1,1,0,0,0
956,1.007567082113135,1,1,0,1,0
957,0.818786386710022,1,0,1,0,0
958,0.8665133475024318,0,1,0,1,1
959,1.095213446570548,1,0,0,0,1
960,0.8331194671700506,1,0,1,1,1
961,1.0412608437865551,1,1,1,1,0
962,0.8981396438725284,1,0,1,0,0
963,0.9557182456167906,1,0,1,1,0
964,0.91547749470828,0,0,0,1,1
965,0.9422690865859796,1,0,1,0,0
966,1.087618362073698,0,1,1,1,1
967,0.91884868624927,0,0,1,1,1
968,1.0265618561187588,1,0,1,1,1
969,0.9904201608796399,0,0,0,1,1
970,1.0654684661450593,1,1,0,1,1
971,1.174731895729903,0,1,1,1,0
972,1.0930288388841,0,1,1,0,0
973,0.8859761514363027,0,1,0,1,0
974,0.8124732540245139,0,1,1,1,1
975,0.90490561771993,1,1,0,1,0
976,1.0380311722801019,0,1,1,0,1
977,0.8205703253937002,0,0,1,1,1
978,0.9985464988804945,1,1,0,1,0
979,1.0387371395667557,0,0,1,1,1
980,0.9336975563267843,1,0,0,0,1
981,1.1083648814983287,0,1,1,0,0
982,0.8426393012535087,1,1,1,0,0
983,0.8300551126943235,1,1,0,1,0
984,1.0912755024814413,0,1,0,0,1
985,0.9981965264824794,1,0,0,1,0
986,1.0753609585710944,1,1,1,0,0
987,0.9739309354414984,1,1,1,0,0
988,0.8985608132956427,0,0,0,1,1
989,1.1276409270696799,1,1,1,0,1
990,1.1197663515875917,1,1,1,1,0
991,1.0778785883417707,0,1,1,1,1
992,0.9088580548919851,1,0,1,0,0
993,1.0360922667476349,0,1,0,1,0
994,0.9443895587760107,1,0,0,0,1
995,0.8366328293306537,1,1,0,1,1
996,1.166925430184897,0,1,1,0,1
997,0.8547274523675846,0,0,1,1,0
998,1.180094941528321,0,0,0,1,1
999,0.9784023091831823,0,1,0,0,1
